{
  "scale": 1.0,
  "rotation": [
    [95.44240887078489, -13.837882656950814, -8.957232391854719],
    [13.691894489945076, 95.8575937941839, -2.1969667928055303],
    [9.178836884267904, 0.8986830169445882, 96.41532059185286]
  ],
  "translation": [
    -0.4674423594140973,
    -0.8957915100317596,
    0.015429550038852456
  ],
  "lat0": 40.41373788,
  "lon0": -79.94892336,
  "alt0": 208.1538
}