{
    "scale": 142.67752514698682,
    "rotation": [
      [
        0.9014319335405573,
        -0.4183635487204545,
        -0.11132120326048005
      ],
      [
        0.41570941521607135,
        0.9082719956146615,
        -0.047198136434324474
      ],
      [
        0.12085591129127768,
        -0.0037313649230593738,
        0.9926630473739648
      ]
    ],
    "translation": [
      -4.353204711540226,
      0.8581351998073803,
      0.2672931432777292
    ],
    "lat0": 40.413544132,
    "lon0": -79.94921441,
    "alt0": 213.9177
  }