{
  "Hex": {
    "Hex_1": [
      [
        -79.94736444929117,
        40.41107319785904
      ],
      [
        -79.94791070619519,
        40.41099934263339
      ],
      [
        -79.94736444929117,
        40.41107319785904
      ]
    ],
    "Hex_2": [
      [
        -79.94736193427369,
        40.41111946832416
      ],
      [
        -79.94792877266424,
        40.41104283035176
      ],
      [
        -79.94736193427369,
        40.41111946832416
      ]
    ],
    "Hex_3": [
      [
        -79.94738481947799,
        40.4111623037288
      ],
      [
        -79.94794683881523,
        40.4110863173045
      ],
      [
        -79.94738481947799,
        40.4111623037288
      ]
    ],
    "Hex_4": [
      [
        -79.94740770753695,
        40.41120514447664
      ],
      [
        -79.94796490707333,
        40.41112980932923
      ],
      [
        -79.94740770753695,
        40.41120514447664
      ]
    ],
    "Hex_5": [
      [
        -79.94743059273705,
        40.4112479798734
      ],
      [
        -79.94798297322225,
        40.41117329627702
      ],
      [
        -79.94743059273705,
        40.4112479798734
      ]
    ],
    "Hex_6": [
      [
        -79.9474534783763,
        40.411290816092155
      ],
      [
        -79.94800103968706,
        40.411216783985154
      ],
      [
        -79.9474534783763,
        40.411290816092155
      ]
    ],
    "Hex_7": [
      [
        -79.94747636357549,
        40.41133365148723
      ],
      [
        -79.94801910583556,
        40.411260270931884
      ],
      [
        -79.94747636357549,
        40.41133365148723
      ]
    ],
    "Hex_8": [
      [
        -79.94749924913215,
        40.411376487551365
      ],
      [
        -79.9480371722965,
        40.411303758630694
      ],
      [
        -79.94749924913215,
        40.411376487551365
      ]
    ],
    "Hex_9": [
      [
        -79.94752213433225,
        40.41141932294813
      ],
      [
        -79.94805523844542,
        40.41134724557848
      ],
      [
        -79.94752213433225,
        40.41141932294813
      ]
    ],
    "Hex_10": [
      [
        -79.94754501996789,
        40.41146215916014
      ],
      [
        -79.94807330490848,
        40.41139073328238
      ],
      [
        -79.94754501996789,
        40.41146215916014
      ]
    ],
    "Hex_11": [
      [
        -79.94756790516709,
        40.411504994555216
      ],
      [
        -79.94809137105696,
        40.41143422022911
      ],
      [
        -79.94756790516709,
        40.411504994555216
      ]
    ],
    "Hex_12": [
      [
        -79.94759079072735,
        40.4115478306261
      ],
      [
        -79.94810943751966,
        40.41147770793216
      ],
      [
        -79.94759079072735,
        40.4115478306261
      ]
    ],
    "Hex_13": [
      [
        -79.94761367592744,
        40.41159066602286
      ],
      [
        -79.94812750366859,
        40.411521194879946
      ],
      [
        -79.94761367592744,
        40.41159066602286
      ]
    ],
    "Hex_14": [
      [
        -79.94763656361735,
        40.41163350607994
      ],
      [
        -79.94814557191681,
        40.411564686880936
      ],
      [
        -79.94763656361735,
        40.41163350607994
      ]
    ],
    "Hex_15": [
      [
        -79.94765944882165,
        40.41167634148458
      ],
      [
        -79.9481636380678,
        40.41160817383367
      ],
      [
        -79.94765944882165,
        40.41167634148458
      ]
    ],
    "Hex_16": [
      [
        -79.94768233439062,
        40.41171917757177
      ],
      [
        -79.94818170453476,
        40.41165166154697
      ],
      [
        -79.94768233439062,
        40.41171917757177
      ]
    ],
    "Hex_17": [
      [
        -79.94770521959583,
        40.411762012978095
      ],
      [
        -79.94819977068619,
        40.41169514850076
      ],
      [
        -79.94770521959583,
        40.411762012978095
      ]
    ],
    "Hex_18": [
      [
        -79.94772810522939,
        40.411804849186176
      ],
      [
        -79.9482178371482,
        40.411738636202195
      ],
      [
        -79.94772810522939,
        40.411804849186176
      ]
    ],
    "Hex_19": [
      [
        -79.94775099043369,
        40.41184768459082
      ],
      [
        -79.94824155616597,
        40.411781358873164
      ],
      [
        -79.94775099043369,
        40.41184768459082
      ]
    ],
    "Hex_20": [
      [
        -79.94777387563799,
        40.41189051999546
      ],
      [
        -79.94826925380454,
        40.411823543624614
      ],
      [
        -79.94777387563799,
        40.41189051999546
      ]
    ],
    "Hex_21": [
      [
        -79.94779676121146,
        40.41193335609108
      ],
      [
        -79.94829695193305,
        40.41186572912226
      ],
      [
        -79.94779676121146,
        40.41193335609108
      ]
    ],
    "Hex_22": [
      [
        -79.94781964684141,
        40.411976192292414
      ],
      [
        -79.94832465004363,
        40.411907914592604
      ],
      [
        -79.94781964684141,
        40.411976192292414
      ]
    ],
    "Hex_23": [
      [
        -79.94784253204571,
        40.412019027697056
      ],
      [
        -79.9483523476822,
        40.41195009934406
      ],
      [
        -79.94784253204571,
        40.412019027697056
      ]
    ],
    "Hex_24": [
      [
        -79.94786541725003,
        40.4120618631017
      ],
      [
        -79.94838004532079,
        40.41199228409551
      ],
      [
        -79.94786541725003,
        40.4120618631017
      ]
    ],
    "Hex_25": [
      [
        -79.9478883028271,
        40.412104699204065
      ],
      [
        -79.94840774345532,
        40.41203446960233
      ],
      [
        -79.9478883028271,
        40.412104699204065
      ]
    ],
    "Hex_26": [
      [
        -79.94791118803231,
        40.41214753461039
      ],
      [
        -79.9484370170141,
        40.41207644128814
      ],
      [
        -79.94791118803231,
        40.41214753461039
      ]
    ],
    "Hex_27": [
      [
        -79.94792994537544,
        40.41219092895742
      ],
      [
        -79.94846727656939,
        40.412118280432026
      ],
      [
        -79.94792994537544,
        40.41219092895742
      ]
    ],
    "Hex_28": [
      [
        -79.9479425318977,
        40.41223515676971
      ],
      [
        -79.94849753561739,
        40.4121601188745
      ],
      [
        -79.9479425318977,
        40.41223515676971
      ]
    ],
    "Hex_29": [
      [
        -79.94795511862598,
        40.412279385305965
      ],
      [
        -79.94852779521467,
        40.412201958076444
      ],
      [
        -79.94795511862598,
        40.412279385305965
      ]
    ],
    "Hex_30": [
      [
        -79.94796770645847,
        40.41232361772223
      ],
      [
        -79.94855805709874,
        40.412243800440265
      ],
      [
        -79.94796770645847,
        40.41232361772223
      ]
    ],
    "Hex_31": [
      [
        -79.94798029321123,
        40.41236784634444
      ],
      [
        -79.94858831663579,
        40.41228563955893
      ],
      [
        -79.94798029321123,
        40.41236784634444
      ]
    ],
    "Hex_32": [
      [
        -79.94799287973296,
        40.412412074154894
      ],
      [
        -79.9486185756731,
        40.412327477986615
      ],
      [
        -79.94799287973296,
        40.412412074154894
      ]
    ],
    "Hex_33": [
      [
        -79.94800546646111,
        40.412456302690615
      ],
      [
        -79.94864883526724,
        40.412369317184194
      ],
      [
        -79.94800546646111,
        40.412456302690615
      ]
    ],